{
    "placedObjects": [
        {
            "prefabName": "Sticks",
            "position": {
                "x": -2.374000072479248,
                "y": -1.2899999618530274,
                "z": -1.399999976158142
            },
            "rotation": {
                "x": 0.0,
                "y": 0.0,
                "z": 0.0
            }
        },
        {
            "prefabName": "Sticks",
            "position": {
                "x": -0.974000096321106,
                "y": -1.2899999618530274,
                "z": -1.399999976158142
            },
            "rotation": {
                "x": 0.0,
                "y": 0.0,
                "z": 0.0
            }
        },
        {
            "prefabName": "Cups",
            "position": {
                "x": 0.42600011825561526,
                "y": -1.2899999618530274,
                "z": -1.399999976158142
            },
            "rotation": {
                "x": 0.0,
                "y": 0.0,
                "z": 0.0
            }
        }
    ],
    "activeTrampolineName": "FlatGround (1)"
}